{
  "layer": {
    "layer_0": {
      "avg_sensitivity": 1.9610551706642594,
      "rank": 11
    },
    "layer_1": {
      "avg_sensitivity": 1.275228458137112,
      "rank": 8
    },
    "layer_2": {
      "avg_sensitivity": 1.6369640598302837,
      "rank": 10
    },
    "layer_3": {
      "avg_sensitivity": 0.6684430240445293,
      "rank": 4
    },
    "layer_4": {
      "avg_sensitivity": 0.5841875261470182,
      "rank": 3
    },
    "layer_5": {
      "avg_sensitivity": 0.8254014717728544,
      "rank": 5
    },
    "layer_6": {
      "avg_sensitivity": 1.2781586914900824,
      "rank": 9
    },
    "layer_7": {
      "avg_sensitivity": 0.5606201681494721,
      "rank": 1
    },
    "layer_8": {
      "avg_sensitivity": 1.0893567182992363,
      "rank": 7
    },
    "layer_9": {
      "avg_sensitivity": 0.5732219847844434,
      "rank": 2
    },
    "layer_10": {
      "avg_sensitivity": 0.5201039834822913,
      "rank": 0
    },
    "layer_11": {
      "avg_sensitivity": 0.9696935365376923,
      "rank": 6
    }
  },
  "component": {
    "layer_0.attn.c_attn": {
      "bits=4": {
        "stl_score": -0.12411889433860779,
        "sensitivity": 1.827459303573689
      },
      "bits=8": {
        "stl_score": -0.12411889433860779,
        "sensitivity": 1.827459303573689
      },
      "pruning=0.3": {
        "stl_score": 0.10181768983602524,
        "sensitivity": 0.32121539454454406
      }
    },
    "layer_0.attn.c_proj": {
      "bits=4": {
        "stl_score": -0.09981653094291687,
        "sensitivity": 1.665443546039358
      },
      "bits=8": {
        "stl_score": -0.09981653094291687,
        "sensitivity": 1.665443546039358
      },
      "pruning=0.3": {
        "stl_score": 0.13721001148223877,
        "sensitivity": 0.08526658129345487
      }
    },
    "layer_0.mlp.c_fc": {
      "bits=4": {
        "stl_score": -0.8496920027232643,
        "sensitivity": 6.664613406138175
      },
      "bits=8": {
        "stl_score": -0.8496920027232643,
        "sensitivity": 6.664613406138175
      },
      "pruning=0.3": {
        "stl_score": 0.1224047839641571,
        "sensitivity": 0.18396809903289563
      }
    },
    "layer_0.mlp.c_proj": {
      "bits=4": {
        "stl_score": -0.021974682807922363,
        "sensitivity": 1.1464978867994975
      },
      "bits=8": {
        "stl_score": -0.021974682807922363,
        "sensitivity": 1.1464978867994975
      },
      "pruning=0.3": {
        "stl_score": 0.09987244583665711,
        "sensitivity": 0.33418368799877746
      }
    },
    "layer_1.attn.c_attn": {
      "bits=4": {
        "stl_score": 0.06609057635068893,
        "sensitivity": 0.559396153411318
      },
      "bits=8": {
        "stl_score": 0.06609057635068893,
        "sensitivity": 0.559396153411318
      },
      "pruning=0.3": {
        "stl_score": 0.12327508900399164,
        "sensitivity": 0.17816606537802318
      }
    },
    "layer_1.attn.c_proj": {
      "bits=4": {
        "stl_score": 0.06043175607919693,
        "sensitivity": 0.5971216222518904
      },
      "bits=8": {
        "stl_score": 0.06043175607919693,
        "sensitivity": 0.5971216222518904
      },
      "pruning=0.3": {
        "stl_score": 0.11420639863731052,
        "sensitivity": 0.2386240017391694
      }
    },
    "layer_1.mlp.c_fc": {
      "bits=4": {
        "stl_score": -0.6767002836453229,
        "sensitivity": 5.511335267825569
      },
      "bits=8": {
        "stl_score": -0.6767002836453229,
        "sensitivity": 5.511335267825569
      },
      "pruning=0.3": {
        "stl_score": 0.11278360445864555,
        "sensitivity": 0.24810929635511259
      }
    },
    "layer_1.mlp.c_proj": {
      "bits=4": {
        "stl_score": 0.05701703578233719,
        "sensitivity": 0.6198864244505803
      },
      "bits=8": {
        "stl_score": 0.05701703578233719,
        "sensitivity": 0.6198864244505803
      },
      "pruning=0.3": {
        "stl_score": 0.14064551889896393,
        "sensitivity": 0.062363198294325184
      }
    },
    "layer_2.attn.c_attn": {
      "bits=4": {
        "stl_score": -0.2824680817815207,
        "sensitivity": 2.883120563377673
      },
      "bits=8": {
        "stl_score": -0.2824680817815207,
        "sensitivity": 2.883120563377673
      },
      "pruning=0.3": {
        "stl_score": 0.12876670062541962,
        "sensitivity": 0.14155532088196535
      }
    },
    "layer_2.attn.c_proj": {
      "bits=4": {
        "stl_score": -0.0687910321475177,
        "sensitivity": 1.4586068854078926
      },
      "bits=8": {
        "stl_score": -0.0687910321475177,
        "sensitivity": 1.4586068854078926
      },
      "pruning=0.3": {
        "stl_score": 0.13220571757242638,
        "sensitivity": 0.11862854101406589
      }
    },
    "layer_2.mlp.c_fc": {
      "bits=4": {
        "stl_score": -0.3875644311996014,
        "sensitivity": 3.5837628995910387
      },
      "bits=8": {
        "stl_score": -0.3875644311996014,
        "sensitivity": 3.5837628995910387
      },
      "pruning=0.3": {
        "stl_score": 0.11772018671035767,
        "sensitivity": 0.21519874769285838
      }
    },
    "layer_2.mlp.c_proj": {
      "bits=4": {
        "stl_score": -0.06607477516396676,
        "sensitivity": 1.4404985053428512
      },
      "bits=8": {
        "stl_score": -0.06607477516396676,
        "sensitivity": 1.4404985053428512
      },
      "pruning=0.3": {
        "stl_score": 0.08456873904377704,
        "sensitivity": 0.43620840093560165
      }
    },
    "layer_3.attn.c_attn": {
      "bits=4": {
        "stl_score": 0.08933427184820175,
        "sensitivity": 0.4044381819329315
      },
      "bits=8": {
        "stl_score": 0.08933427184820175,
        "sensitivity": 0.4044381819329315
      },
      "pruning=0.3": {
        "stl_score": 0.12923647463321686,
        "sensitivity": 0.13842349413310256
      }
    },
    "layer_3.attn.c_proj": {
      "bits=4": {
        "stl_score": 0.10488896071910858,
        "sensitivity": 0.30074025512645314
      },
      "bits=8": {
        "stl_score": 0.10488896071910858,
        "sensitivity": 0.30074025512645314
      },
      "pruning=0.3": {
        "stl_score": 0.14259769022464752,
        "sensitivity": 0.04934872266420985
      }
    },
    "layer_3.mlp.c_fc": {
      "bits=4": {
        "stl_score": -0.20906133035293029,
        "sensitivity": 2.393742215799092
      },
      "bits=8": {
        "stl_score": -0.20906133035293029,
        "sensitivity": 2.393742215799092
      },
      "pruning=0.3": {
        "stl_score": 0.12307204306125641,
        "sensitivity": 0.1795197050093174
      }
    },
    "layer_3.mlp.c_proj": {
      "bits=4": {
        "stl_score": 0.048384472727775574,
        "sensitivity": 0.6774368453695461
      },
      "bits=8": {
        "stl_score": 0.048384472727775574,
        "sensitivity": 0.6774368453695461
      },
      "pruning=0.3": {
        "stl_score": 0.13480359315872192,
        "sensitivity": 0.10130937027167441
      }
    },
    "layer_4.attn.c_attn": {
      "bits=4": {
        "stl_score": 0.05847079209838524,
        "sensitivity": 0.6101947155834252
      },
      "bits=8": {
        "stl_score": 0.05847079209838524,
        "sensitivity": 0.6101947155834252
      },
      "pruning=0.3": {
        "stl_score": 0.10884345141334928,
        "sensitivity": 0.2743769835771737
      }
    },
    "layer_4.attn.c_proj": {
      "bits=4": {
        "stl_score": 0.10863479971885681,
        "sensitivity": 0.27576799488721004
      },
      "bits=8": {
        "stl_score": 0.10863479971885681,
        "sensitivity": 0.27576799488721004
      },
      "pruning=0.3": {
        "stl_score": 0.1324681643176392,
        "sensitivity": 0.11687889602910069
      }
    },
    "layer_4.mlp.c_fc": {
      "bits=4": {
        "stl_score": -0.05143492671373162,
        "sensitivity": 1.342899514733024
      },
      "bits=8": {
        "stl_score": -0.05143492671373162,