{
  "layer_0": {
    "attn.c_attn": {
      "bits": 12,
      "pruning": 0.05764446986779037
    },
    "attn.c_proj": {
      "bits": 12,
      "pruning": 0.003854308944565061
    },
    "mlp.c_fc": {
      "bits": 8,
      "pruning": 0.029224497772048826
    },
    "mlp.c_proj": {
      "bits": 8,
      "pruning": 0.1093789782426372
    }
  },
  "layer_1": {
    "attn.c_attn": {
      "bits": 6,
      "pruning": 0.3279910663402516
    },
    "attn.c_proj": {
      "bits": 8,
      "pruning": 0.17186715803173544
    },
    "mlp.c_fc": {
      "bits": 12,
      "pruning": 0.22242355344847808
    },
    "mlp.c_proj": {
      "bits": 8,
      "pruning": 0.401270381319127
    }
  },
  "layer_2": {
    "attn.c_attn": {
      "bits": 10,
      "pruning": 0.15423974618316605
    },
    "attn.c_proj": {
      "bits": 12,
      "pruning": 0.23528488885247892
    },
    "mlp.c_fc": {
      "bits": 12,
      "pruning": 0.031166022824405594
    },
    "mlp.c_proj": {
      "bits": 16,
      "pruning": 0.20648939802356236
    }
  },
  "layer_3": {
    "attn.c_attn": {
      "bits": 6,
      "pruning": 0.21072654717385034
    },
    "attn.c_proj": {
      "bits": 4,
      "pruning": 0.1658695623008367
    },
    "mlp.c_fc": {
      "bits": 3,
      "pruning": 0.15390798704430783
    },
    "mlp.c_proj": {
      "bits": 6,
      "pruning": 0.31511413196003607
    }
  },
  "layer_4": {
    "attn.c_attn": {
      "bits": 8,
      "pruning": 0.20450243578735824
    },
    "attn.c_proj": {
      "bits": 8,
      "pruning": 0.41226259782572067
    },
    "mlp.c_fc": {
      "bits": 6,
      "pruning": 0.4681479380700973
    },
    "mlp.c_proj": {
      "bits": 3,
      "pruning": 0.3032736661781464
    }
  },
  "layer_5": {
    "attn.c_attn": {
      "bits": 8,
      "pruning": 0.10109785470229087
    },
    "attn.c_proj": {
      "bits": 8,
      "pruning": 0.2616134221340007
    },
    "mlp.c_fc": {
      "bits": 10,
      "pruning": 0.32807972291803705
    },
    "mlp.c_proj": {
      "bits": 3,
      "pruning": 0.11490868022883811
    }
  },
  "layer_6": {
    "attn.c_attn": {
      "bits": 12,
      "pruning": 0.08067687049542643
    },
    "attn.c_proj": {
      "bits": 10,
      "pruning": 0.048057596865963774
    },
    "mlp.c_fc": {
      "bits": 6,
      "pruning": 0.17178745919463576
    },
    "mlp.c_proj": {
      "bits": 16,
      "pruning": 0.00847950614937572
    }
  },
  "layer_7": {
    "attn.c_attn": {
      "bits": 2,
      "pruning": 0.2865463536893559
    },
    "attn.c_proj": {
      "bits": 12,
      "pruning": 0.11481699137484434
    },
    "mlp.c_fc": {
      "bits": 3,
      "pruning": 0.4762008034986914
    },
    "mlp.c_proj": {
      "bits": 3,
      "pruning": 0.48454123745234096
    }
  },
  "layer_8": {
    "attn.c_attn": {
      "bits": 10,
      "pruning": 0.2786403214699649
    },
    "attn.c_proj": {
      "bits": 6,
      "pruning": 0.0739832851596344
    },
    "mlp.c_fc": {
      "bits": 10,
      "pruning": 0.18305582360737774
    },
    "mlp.c_proj": {
      "bits": 8,
      "pruning": 0.03547277748965316
    }
  },
  "layer_9": {
    "attn.c_attn": {
      "bits": 10,
      "pruning": 0.4273042462386148
    },
    "attn.c_proj": {
      "bits": 8,
      "pruning": 0.24485541240580017
    },
    "mlp.c_fc": {
      "bits": 2,
      "pruning": 0.35233033903516386
    },
    "mlp.c_proj": {
      "bits": 8,
      "pruning": 0.13612615308556728
    }
  },
  "layer_10": {
    "attn.c_attn": {
      "bits": 3,
      "pruning": 0.4439521775626855
    },
    "attn.c_proj": {
      "bits": 3,
      "pruning": 0.29141901596760666
    },
    "mlp.c_fc": {
      "bits": 3,
      "pruning": 0.4323355595355498
    },
    "mlp.c_proj": {
      "bits": 3,
      "pruning": 0.49570030004543775
    }
  },
  "layer_11": {
    "attn.c_attn": {
      "bits": 16,
      "pruning": 0.1363564152404341
    },
    "attn.c_proj": {
      "bits": 4,
      "pruning": 0.4707564862490422
    },
    "mlp.c_fc": {
      "bits": 6,
      "pruning": 0.45861086510063237
    },
    "mlp.c_proj": {
      "bits": 10,
      "pruning": 0.35870890924453247
    }
  }
}