{
  "layer": {
    "layer_0": {
      "avg_sensitivity": 0.34075354955469567,
      "rank": 11
    },
    "layer_1": {
      "avg_sensitivity": 0.01394731504842639,
      "rank": 9
    },
    "layer_2": {
      "avg_sensitivity": -0.005114706975367274,
      "rank": 0
    },
    "layer_3": {
      "avg_sensitivity": 9.146871889242902e-06,
      "rank": 4
    },
    "layer_4": {
      "avg_sensitivity": -0.0031172650875911736,
      "rank": 2
    },
    "layer_5": {
      "avg_sensitivity": 0.006130398003733717,
      "rank": 8
    },
    "layer_6": {
      "avg_sensitivity": 0.0030784333973012203,
      "rank": 7
    },
    "layer_7": {
      "avg_sensitivity": -0.003545151957344691,
      "rank": 1
    },
    "layer_8": {
      "avg_sensitivity": 0.00028254408728874597,
      "rank": 5
    },
    "layer_9": {
      "avg_sensitivity": 0.017893550889615046,
      "rank": 10
    },
    "layer_10": {
      "avg_sensitivity": 0.0010488270248364036,
      "rank": 6
    },
    "layer_11": {
      "avg_sensitivity": -0.0019372676536780393,
      "rank": 3
    }
  },
  "component": {
    "layer_0.attn.c_attn": {
      "bits=4": {
        "stl_score": 0.14323687553405762,
        "sensitivity": 0.03381562605500221
      },
      "bits=8": {
        "stl_score": 0.14323687553405762,
        "sensitivity": 0.03381562605500221
      },
      "pruning=0.3": {
        "stl_score": 0.1484273076057434,
        "sensitivity": -0.0011957110837101936
      }
    },
    "layer_0.attn.c_proj": {
      "bits=4": {
        "stl_score": 0.14869016408920288,
        "sensitivity": -0.002968772780150175
      },
      "bits=8": {
        "stl_score": 0.14869016408920288,
        "sensitivity": -0.002968772780150175
      },
      "pruning=0.3": {
        "stl_score": 0.14809483289718628,
        "sensitivity": 0.0010469508124515414
      }
    },
    "layer_0.mlp.c_fc": {
      "bits=4": {
        "stl_score": -0.1492877721631485,
        "sensitivity": 2.0069997310638428
      },
      "bits=8": {
        "stl_score": -0.1492877721631485,
        "sensitivity": 2.0069997310638428
      },
      "pruning=0.3": {
        "stl_score": 0.14794033765792847,
        "sensitivity": 0.0020890769083052874
      }
    },
    "layer_0.mlp.c_proj": {
      "bits=4": {
        "stl_score": 0.14750272035598755,
        "sensitivity": 0.005040963180363178
      },
      "bits=8": {
        "stl_score": 0.14750272035598755,
        "sensitivity": 0.005040963180363178
      },
      "pruning=0.3": {
        "stl_score": 0.14805328845977783,
        "sensitivity": 0.001327182981185615
      }
    },
    "layer_1.attn.c_attn": {
      "bits=4": {
        "stl_score": 0.13814419507980347,
        "sensitivity": 0.06816758960485458
      },
      "bits=8": {
        "stl_score": 0.13814419507980347,
        "sensitivity": 0.06816758960485458
      },
      "pruning=0.3": {
        "stl_score": 0.14850759506225586,
        "sensitivity": -0.0017372788861393929
      }
    },
    "layer_1.attn.c_proj": {
      "bits=4": {
        "stl_score": 0.14636409282684326,
        "sensitivity": 0.012721416540443897
      },
      "bits=8": {
        "stl_score": 0.14636409282684326,
        "sensitivity": 0.012721416540443897
      },
      "pruning=0.3": {
        "stl_score": 0.14809644222259521,
        "sensitivity": 0.0010360953165218234
      }
    },
    "layer_1.mlp.c_fc": {
      "bits=4": {
        "stl_score": 0.14894115924835205,
        "sensitivity": -0.004661825485527515
      },
      "bits=8": {
        "stl_score": 0.14894115924835205,
        "sensitivity": -0.004661825485527515
      },
      "pruning=0.3": {
        "stl_score": 0.14784854650497437,
        "sensitivity": 0.00270824134349823
      }
    },
    "layer_1.mlp.c_proj": {
      "bits=4": {
        "stl_score": 0.14721184968948364,
        "sensitivity": 0.007002990692853928
      },
      "bits=8": {
        "stl_score": 0.14721184968948364,
        "sensitivity": 0.007002990692853928
      },
      "pruning=0.3": {
        "stl_score": 0.1484130620956421,
        "sensitivity": -0.0010996198980137706
      }
    },
    "layer_2.attn.c_attn": {
      "bits=4": {
        "stl_score": 0.1493011713027954,
        "sensitivity": -0.007090236991643906
      },
      "bits=8": {
        "stl_score": 0.1493011713027954,
        "sensitivity": -0.007090236991643906
      },
      "pruning=0.3": {
        "stl_score": 0.1482488512992859,
        "sensitivity": 8.041096407396253e-06
      }
    },
    "layer_2.attn.c_proj": {
      "bits=4": {
        "stl_score": 0.14968949556350708,
        "sensitivity": -0.009709623642265797
      },
      "bits=8": {
        "stl_score": 0.14968949556350708,
        "sensitivity": -0.009709623642265797
      },
      "pruning=0.3": {
        "stl_score": 0.14814400672912598,
        "sensitivity": 0.0007152555044740438
      }
    },
    "layer_2.mlp.c_fc": {
      "bits=4": {
        "stl_score": 0.14994680881500244,
        "sensitivity": -0.011445295065641403
      },
      "bits=8": {
        "stl_score": 0.14994680881500244,
        "sensitivity": -0.011445295065641403
      },
      "pruning=0.3": {
        "stl_score": 0.1484871506690979,
        "sensitivity": -0.0015993741108104587
      }
    },
    "layer_2.mlp.c_proj": {
      "bits=4": {
        "stl_score": 0.14858031272888184,
        "sensitivity": -0.00222778576426208
      },
      "bits=8": {
        "stl_score": 0.14858031272888184,
        "sensitivity": -0.00222778576426208
      },
      "pruning=0.3": {
        "stl_score": 0.14818400144577026,
        "sensitivity": 0.000445476733148098
      }
    },
    "layer_3.attn.c_attn": {
      "bits=4": {
        "stl_score": 0.14889150857925415,
        "sensitivity": -0.004326913971453905
      },
      "bits=8": {
        "stl_score": 0.14889150857925415,
        "sensitivity": -0.004326913971453905
      },
      "pruning=0.3": {
        "stl_score": 0.14820748567581177,
        "sensitivity": 0.00028706714510917664
      }
    },
    "layer_3.attn.c_proj": {
      "bits=4": {
        "stl_score": 0.1481420397758484,
        "sensitivity": 0.0007285233587026596
      },
      "bits=8": {
        "stl_score": 0.1481420397758484,
        "sensitivity": 0.0007285233587026596
      },
      "pruning=0.3": {
        "stl_score": 0.1482718586921692,
        "sensitivity": -0.00014715206634718925
      }
    },
    "layer_3.mlp.c_fc": {
      "bits=4": {
        "stl_score": 0.14975595474243164,
        "sensitivity": -0.010157914832234383
      },
      "bits=8": {
        "stl_score": 0.14975595474243164,
        "sensitivity": -0.010157914832234383
      },
      "pruning=0.3": {
        "stl_score": 0.14807820320129395,
        "sensitivity": 0.0011591240763664246
      }
    },
    "layer_3.mlp.c_proj": {
      "bits=4": {
        "stl_score": 0.1464272141456604,
        "sensitivity": 0.012295641005039215
      },
      "bits=8": {
        "stl_score": 0.1464272141456604,
        "sensitivity": 0.012295641005039215
      },
      "pruning=0.3": {
        "stl_score": 0.147993266582489,
        "sensitivity": 0.001732052187435329
      }
    },
    "layer_4.attn.c_attn": {
      "bits=4": {
        "stl_score": 0.14869874715805054,
        "sensitivity": -0.00302666868083179
      },
      "bits=8": {
        "stl_score": 0.14869874715805054,
        "sensitivity": -0.00302666868083179
      },
      "pruning=0.3": {
        "stl_score": 0.14816856384277344,
        "sensitivity": 0.0005496089579537511
      }
    },
    "layer_4.attn.c_proj": {
      "bits=4": {
        "stl_score": 0.14767730236053467,
        "sensitivity": 0.003863344667479396
      },
      "bits=8": {
        "stl_score": 0.14767730236053467,
        "sensitivity": 0.003863344667479396
      },
      "pruning=0.3": {
        "stl_score": 0.14815938472747803,
        "sensitivity": 0.000611525378189981
      }
    },
    "layer_4.mlp.c_fc": {
      "bits=4": {
        "stl_score": 0.14987289905548096,