{
  "model_name": "gpt2",
  "optimization_summary": {
    "model_name": "gpt2",
    "num_iterations": 20000,
    "optimization_time": 305.33710193634033,
    "best_stl_score": 0.0003996574960183352,
    "best_model_size": 154.7771484375,
    "best_stl_satisfied": true,
    "total_evaluations": 4605,
    "original_stl_thresholds": {
      "coherence": 0.15,
      "attention": 0.75,
      "context": 0.8,
      "factual": 0.85
    },
    "relaxed_stl_thresholds": {
      "coherence": 0.165,
      "attention": 0.675,
      "context": 0.7200000000000001,
      "factual": 0.765
    }
  },
  "best_results": {
    "metrics": {
      "coherence": 0.03822466358542442,
      "attention": 0.23503629863262177,
      "context": 0.25459447503089905,
      "factual": 1.0102277994155884
    },
    "robustness": {
      "coherence": 0.0003996574960183352,
      "attention": 0.22567500174045563,
      "context": 0.24018755555152893,
      "factual": 0.15006564557552338
    },
    "stl_score": 0.0003996574960183352,
    "stl_satisfied": true,
    "model_size": 154.7771484375,
    "avg_bits": 11.395833333333334,
    "avg_pruning": 0.34375,
    "compression_ratio": 0.28776041666666663,
    "eval_time": 0.046110462188720704
  },
  "threshold_relaxation": 0.1,
  "timestamp": "20250315_191647"
}