{
  "layer": {
    "layer_0": {
      "avg_sensitivity": 1.0855202667976043,
      "rank": 10
    },
    "layer_1": {
      "avg_sensitivity": 0.7867396242541406,
      "rank": 9
    },
    "layer_2": {
      "avg_sensitivity": 1.1370871855467533,
      "rank": 11
    },
    "layer_3": {
      "avg_sensitivity": 0.32005000980014714,
      "rank": 4
    },
    "layer_4": {
      "avg_sensitivity": 0.19564724906964834,
      "rank": 3
    },
    "layer_5": {
      "avg_sensitivity": 0.3301197324811194,
      "rank": 5
    },
    "layer_6": {
      "avg_sensitivity": 0.7849499266629597,
      "rank": 8
    },
    "layer_7": {
      "avg_sensitivity": 0.1856689276995387,
      "rank": 2
    },
    "layer_8": {
      "avg_sensitivity": 0.652456611357472,
      "rank": 7
    },
    "layer_9": {
      "avg_sensitivity": 0.1440073146335508,
      "rank": 1
    },
    "layer_10": {
      "avg_sensitivity": 0.07567753093729292,
      "rank": 0
    },
    "layer_11": {
      "avg_sensitivity": 0.3768498774898823,
      "rank": 6
    }
  },
  "component": {
    "layer_0.attn.c_attn": {
      "bits=4": {
        "stl_score": 0.0963156595826149,
        "sensitivity": 0.4162687529977297
      },
      "bits=8": {
        "stl_score": 0.0963156595826149,
        "sensitivity": 0.4162687529977297
      },
      "pruning=0.3": {
        "stl_score": 0.1628846973180771,
        "sensitivity": 0.012820055481084874
      }
    },
    "layer_0.attn.c_proj": {
      "bits=4": {
        "stl_score": 0.1160115897655487,
        "sensitivity": 0.2968994839050758
      },
      "bits=8": {
        "stl_score": 0.1160115897655487,
        "sensitivity": 0.2968994839050758
      },
      "pruning=0.3": {
        "stl_score": 0.16488498449325562,
        "sensitivity": 0.000697103385968146
      }
    },
    "layer_0.mlp.c_fc": {
      "bits=4": {
        "stl_score": -0.7646920084953308,
        "sensitivity": 5.634496837025464
      },
      "bits=8": {
        "stl_score": -0.7646920084953308,
        "sensitivity": 5.634496837025464
      },
      "pruning=0.3": {
        "stl_score": 0.1642591953277588,
        "sensitivity": 0.0044897648443329935
      }
    },
    "layer_0.mlp.c_proj": {
      "bits=4": {
        "stl_score": 0.13929122686386108,
        "sensitivity": 0.15581077982469552
      },
      "bits=8": {
        "stl_score": 0.13929122686386108,
        "sensitivity": 0.15581077982469552
      },
      "pruning=0.3": {
        "stl_score": 0.16478805243968964,
        "sensitivity": 0.0012845703539332697
      }
    },
    "layer_1.attn.c_attn": {
      "bits=4": {
        "stl_score": 0.158359095454216,
        "sensitivity": 0.04024794447520506
      },
      "bits=8": {
        "stl_score": 0.158359095454216,
        "sensitivity": 0.04024794447520506
      },
      "pruning=0.3": {
        "stl_score": 0.1643671691417694,
        "sensitivity": 0.0038353781187564703
      }
    },
    "layer_1.attn.c_proj": {
      "bits=4": {
        "stl_score": 0.15845055878162384,
        "sensitivity": 0.03969362130082075
      },
      "bits=8": {
        "stl_score": 0.15845055878162384,
        "sensitivity": 0.03969362130082075
      },
      "pruning=0.3": {
        "stl_score": 0.16488035023212433,
        "sensitivity": 0.0007251898159507984
      }
    },
    "layer_1.mlp.c_fc": {
      "bits=4": {
        "stl_score": -0.5917002558708191,
        "sensitivity": 4.586062014295542
      },
      "bits=8": {
        "stl_score": -0.5917002558708191,
        "sensitivity": 4.586062014295542
      },
      "pruning=0.3": {
        "stl_score": 0.16417483985424042,
        "sensitivity": 0.005001010118068669
      }
    },
    "layer_1.mlp.c_proj": {
      "bits=4": {
        "stl_score": 0.15684445202350616,
        "sensitivity": 0.04942760126625547
      },
      "bits=8": {
        "stl_score": 0.15684445202350616,
        "sensitivity": 0.04942760126625547
      },
      "pruning=0.3": {
        "stl_score": 0.1649255007505417,
        "sensitivity": 0.0004515503212645071
      }
    },
    "layer_2.attn.c_attn": {
      "bits=4": {
        "stl_score": -0.19746805727481842,
        "sensitivity": 2.1967760571402613
      },
      "bits=8": {
        "stl_score": -0.19746805727481842,
        "sensitivity": 2.1967760571402613
      },
      "pruning=0.3": {
        "stl_score": 0.16466329991817474,
        "sensitivity": 0.0020406462118585603
      }
    },
    "layer_2.attn.c_proj": {
      "bits=4": {
        "stl_score": 0.016208991408348083,
        "sensitivity": 0.9017636923378142
      },
      "bits=8": {
        "stl_score": 0.016208991408348083,
        "sensitivity": 0.9017636923378142
      },
      "pruning=0.3": {
        "stl_score": 0.1649378091096878,
        "sensitivity": 0.0003769542081916105
      }
    },
    "layer_2.mlp.c_fc": {
      "bits=4": {
        "stl_score": -0.302564412355423,
        "sensitivity": 2.833723638379357
      },
      "bits=8": {
        "stl_score": -0.302564412355423,
        "sensitivity": 2.833723638379357
      },
      "pruning=0.3": {
        "stl_score": 0.16397133469581604,
        "sensitivity": 0.006234374665570543
      }
    },
    "layer_2.mlp.c_proj": {
      "bits=4": {
        "stl_score": 0.01892523467540741,
        "sensitivity": 0.8853016125855383
      },
      "bits=8": {
        "stl_score": 0.01892523467540741,
        "sensitivity": 0.8853016125855383
      },
      "pruning=0.3": {
        "stl_score": 0.16479140520095825,
        "sensitivity": 0.001264250589476367
      }
    },
    "layer_3.attn.c_attn": {
      "bits=4": {
        "stl_score": 0.16115200519561768,
        "sensitivity": 0.023321219442347996
      },
      "bits=8": {
        "stl_score": 0.16115200519561768,
        "sensitivity": 0.023321219442347996
      },
      "pruning=0.3": {
        "stl_score": 0.16457495093345642,
        "sensitivity": 0.002576094582814013
      }
    },
    "layer_3.attn.c_proj": {
      "bits=4": {
        "stl_score": 0.16312405467033386,
        "sensitivity": 0.011369404918990517
      },
      "bits=8": {
        "stl_score": 0.16312405467033386,
        "sensitivity": 0.011369404918990517
      },
      "pruning=0.3": {
        "stl_score": 0.1649540364742279,
        "sensitivity": 0.0002786065482202009
      }
    },
    "layer_3.mlp.c_fc": {
      "bits=4": {
        "stl_score": -0.12406130135059357,
        "sensitivity": 1.7518866449747914
      },
      "bits=8": {
        "stl_score": -0.12406130135059357,
        "sensitivity": 1.7518866449747914
      },
      "pruning=0.3": {
        "stl_score": 0.16434426605701447,
        "sensitivity": 0.00397418468751318
      }
    },
    "layer_3.mlp.c_proj": {
      "bits=4": {
        "stl_score": 0.14362041652202606,
        "sensitivity": 0.12957326778749284
      },
      "bits=8": {
        "stl_score": 0.14362041652202606,
        "sensitivity": 0.12957326778749284
      },
      "pruning=0.3": {
        "stl_score": 0.16475743055343628,
        "sensitivity": 0.001470157535972982
      }
    },
    "layer_4.attn.c_attn": {
      "bits=4": {
        "stl_score": 0.14347080886363983,
        "sensitivity": 0.13047998083259196
      },
      "bits=8": {
        "stl_score": 0.14347080886363983,
        "sensitivity": 0.13047998083259196
      },
      "pruning=0.3": {
        "stl_score": 0.16454067826271057,
        "sensitivity": 0.002783807730595686
      }
    },
    "layer_4.attn.c_proj": {
      "bits=4": {
        "stl_score": 0.16340090334415436,
        "sensitivity": 0.009691534235235862
      },
      "bits=8": {
        "stl_score": 0.16340090334415436,
        "sensitivity": 0.009691534235235862
      },
      "pruning=0.3": {
        "stl_score": 0.16493761539459229,
        "sensitivity": 0.00037812823902689825
      }
    },
    "layer_4.mlp.c_fc": {
      "bits=4": {
        "stl_score": 0.03356508910655975,
        "sensitivity": 0.7965752256193758
      },